league,club_name,youtube_handle,youtube_channel_id
epl,Arsenal,@arsenal,
epl,Aston Villa,@avfcofficial,
epl,Bournemouth,@AFCBournemouth,
epl,Brentford,@BrentfordFC,
epl,Brighton & Hove Albion,@officialbhafc,
epl,Chelsea,@chelseafc,
epl,Coventry City,@CoventryCityFC,
epl,Crystal Palace,@OfficialCPFC,
epl,Everton,@everton,
epl,Fulham,@fulhamfc,
epl,Hull City,@hullcityofficial,
epl,Ipswich Town,@ipswichtown,
epl,Leeds United,@LeedsUnited,
epl,Liverpool,@LiverpoolFC,
epl,Manchester City,@mancity,
epl,Manchester United,@watchmanchester,UC6yW44UGJJBvYTlfC7CRg2Q
epl,Newcastle United,@NUFCOfficial1892,UCywGl_BPp9QhD0uAcP2HsJw
epl,Nottingham Forest,@NottinghamForestFC,
epl,Sunderland,@SunderlandAFC,
epl,Tottenham Hotspur,@TottenhamHotspur,
laliga,Alaves,@deportivoalaves1921,
laliga,Athletic Bilbao,@AthleticClubTV,
laliga,Atletico Madrid,@atleticodemadrid,
laliga,Barcelona,@FCBarcelona,
laliga,Celta Vigo,@rccelta,
laliga,Deportivo A Coruna,@rcdeportivo,
laliga,Elche,@ElcheC.F.,
laliga,Espanyol,@rcdespanyol,
laliga,Getafe,@GetafeCFmedia,
laliga,Levante,@LevanteUD,
laliga,Malaga,@MalagaCFTV,UCo_PhWZulZooYfQRo00vU-Q
laliga,Osasuna,@CAOsasunaTV,
laliga,Racing Santander,@realracingclubsantandersad,UCPkCdE745MkHLx8YWOwi8ew
laliga,Rayo Vallecano,@rayovallecanotv,
laliga,Real Betis,@RealBetis,
laliga,Real Madrid,@realmadridcf,UCWV3obpZVGgJ3j9FVhEjF2Q
laliga,Real Sociedad,@realsociedadtv,
laliga,Sevilla,@sevillafc,
laliga,Valencia,@valenciacf,
laliga,Villarreal,@villarrealcf,
seriea,Atalanta,@AtalantaBC,
seriea,Bologna,@siamobolognatv,UCaUywe79ysewBvPXljIZ__w
seriea,Cagliari,@CagliariCalcioTv,
seriea,Como,@comofootball,
seriea,Fiorentina,@acffiorentina,UC9nwpWq73kl4e2a51d1aCog
seriea,Frosinone,@frosinonecalcio1928,UC-lahCu_0mqWm8ZlUzhK4Wg
seriea,Genoa,@GenoaCfcOfficial,
seriea,Inter Milan,@inter,
seriea,Juventus,@juventus,
seriea,Lazio,@Officialsslazio,
seriea,Lecce,@uslecceofficial,
seriea,AC Milan,@ACMilan,
seriea,Monza,@acmonzaofficial,
seriea,Napoli,@SSCNapoli,
seriea,Parma,@parmacalcio1913,UCXKXzx4PG8dcqExNJ5npUkg
seriea,Roma,@asroma,
seriea,Sassuolo,@sassuolocalcio,
seriea,Torino,@TorinoFCOfficial,
seriea,Udinese,@Udinese1896,
seriea,Venezia,@veneziafootballclub,
bundesliga,Augsburg,@fcaugsburg,
bundesliga,Union Berlin,@1FCUnionBerlin,
bundesliga,Werder Bremen,@WerderBremen,
bundesliga,Borussia Dortmund,@BVB,
bundesliga,Elversberg,@SV07Elversberg,
bundesliga,Eintracht Frankfurt,@Eintracht,
bundesliga,Freiburg,@SCFreiburg,
bundesliga,Hamburger SV,@hsv,UCUegZz1N_lW_5mKORkYykCw
bundesliga,Hoffenheim,@TSGHoffenheim1899,
bundesliga,Cologne,@fckoeln,
bundesliga,RB Leipzig,@RBLeipzig,
bundesliga,Bayer Leverkusen,@bayerleverkusen,
bundesliga,Mainz 05,@1FSVMainz05,
bundesliga,Borussia Monchengladbach,@BorussiaMonchengladbach,
bundesliga,Bayern Munich,@fcbayern,
bundesliga,Paderborn,@scpaderborn07,
bundesliga,Schalke 04,@S04,
bundesliga,VfB Stuttgart,@vfb,
ligue1,Angers,@AngersSCOYTB,
ligue1,Auxerre,@ajauxerre403,
ligue1,Brest,@SB29officiel,
ligue1,Le Havre,@HavreAthleticClub,
ligue1,Le Mans,@le_mans_fc,
ligue1,Lens,@rclens,
ligue1,Lille,@losc,
ligue1,Lorient,@FCLorientOfficiel,
ligue1,Lyon,@OlympiqueLyonnais,
ligue1,Marseille,@om_officiel,
ligue1,Monaco,@asmonaco,
ligue1,Nice,@ogcnice,
ligue1,Paris FC,@parisfc,
ligue1,Paris Saint-Germain,@PSGofficiel,UCt9a_qP9CqHCNwilf-iULag
ligue1,Rennes,@StadeRennaisFCOfficiel,
ligue1,Strasbourg,@RcstrasbourgalsaceFr,
ligue1,Toulouse,@ToulouseFC,
ligue1,Troyes,@estac,
